{"cameraMode":{"drawMode":0,"name":"Shaded","section":"Shading Mode"},"sceneLighting":true,"audioPlay":false,"sceneViewState":{"showFog":true,"showMaterialUpdate":false,"showSkybox":true,"showFlares":true,"showImageEffects":true,"showParticleSystems":true},"in2DMode":false,"pivot":{"x":-0.548323392868042,"y":-0.05642974376678467,"z":0.6334007978439331},"rotation":{"x":-0.09329655021429062,"y":0.8188234567642212,"z":-0.1391332894563675,"w":-0.5490778684616089},"size":4.081588268280029,"orthographic":false}